<?xml version="1.0" encoding="utf-8"?>
<extension type="component" version="3.4.2" method="upgrade">
 
	<name>Son Dang</name>
	<!-- The following elements are optional and free of formatting constraints -->
	<creationDate>2015</creationDate>
	<author>Dang Viet Son</author>
	<authorEmail>dang.viet.son.hp@gmail.com</authorEmail>
	<authorUrl>http://www.example.org</authorUrl>
	<copyright>Copyright Info</copyright>
	<license>License Info</license>
	<!--  The version string is recorded in the components table -->
	<version>0.0.3</version>
	<!-- The description is optional and defaults to the name -->
	<description>Description of the Son Dang component ...</description>
 
	<update> <!-- Runs on update; New since J2.5 -->
		<schemas>
			<schemapath type="mysql">sql/updates/mysql</schemapath>
		</schemas>
	</update>
 
	<!-- Site Main File Copy Section -->
	<!-- Note the folder attribute: This attribute describes the folder
		to copy FROM in the package to install therefore files copied
		in this section are copied from /site/ in the package -->
	<files folder="site">
		<filename>index.html</filename>
		<filename>sondang.php</filename>
		<filename>controller.php</filename>
		<folder>views</folder>
	</files>
 
	<administration>
		<!-- Administration Menu Section -->
		<menu link='index.php?option=com_sondang'>Hello Baby</menu>
		<!-- Administration Main File Copy Section -->
		<!-- Note the folder attribute: This attribute describes the folder
			to copy FROM in the package to install therefore files copied
			in this section are copied from /admin/ in the package -->
		<files folder="admin">
			<!-- Admin Main File Copy Section -->
			<filename>index.html</filename>
			<filename>sondang.php</filename>
			<!-- SQL files section -->
			<folder>sql</folder>
		</files>
	</administration>
 
</extension>